beta,fmt_value
0.0,0.0
0.0012036166166166165,0.0006018084172877078
0.002407233233233233,0.0012036174884510233
0.0036108498498498495,0.001805427867361609
0.004814466466466466,0.0024072402078832316
0.0060180830830830825,0.003009055163867826
0.007221699699699699,0.0036108733891515496
0.008425316316316316,0.004212695537550845
0.009628932932932932,0.0048145222628585135
0.010832549549549549,0.005416354218839785
0.012036166166166165,0.0060181920592284124
0.013239782782782782,0.006620036437722732
0.014443399399399398,0.007221888007981792
0.015647016016016015,0.007823747423621467
0.01685063263263263,0.008425615338210546
0.018054249249249248,0.009027492405266879
0.019257865865865864,0.009629379278253546
0.02046148248248248,0.01023127661057498
0.021665099099099097,0.010833185055573184
0.022868715715715714,0.011435105266523882
0.02407233233233233,0.012037037896632768
0.025275948948948947,0.01263898359903168
0.026479565565565563,0.013240943026774931
0.02768318218218218,0.013842916832835473
0.028886798798798796,0.014444905670101281
0.030090415415415413,0.015046910191371624
0.03129403203203203,0.015648931049353346
0.032497648648648646,0.01625096889665738
0.03370126526526526,0.016853024385794946
0.03490488188188188,0.017455098169174066
0.036108498498498495,0.018057190899096055
0.03731211511511511,0.018659303227751868
0.03851573173173173,0.019261435807218643
0.039719348348348345,0.01986358928945629
0.04092296496496496,0.020465764326303985
0.04212658158158158,0.021067961569476767
0.043330198198198194,0.021670181670562217
0.04453381481481481,0.02227242528101707
0.04573743143143143,0.022874693052163938
0.046941048048048044,0.023476985635188036
0.04814466466466466,0.024079303681133965
0.04934828128128128,0.024681647840902526
0.05055189789789789,0.025284018765247565
0.05175551451451451,0.02588641710477287
0.052959131131131126,0.026488843509929118
0.05416274774774774,0.02709129863101087
0.05536636436436436,0.02769378311815356
0.056569980980980976,0.02829629762133056
0.05777359759759759,0.02889884279035039
0.05897721421421421,0.029501419274853745
0.060180830830830825,0.03010402772431082
0.06138444744744744,0.030706668788018556
0.06258806406406406,0.0313093431150979
0.06379168068068067,0.03191205135449119
0.06499529729729729,0.032514794154959704
0.06619891391391391,0.033117572165080884
0.06740253053053052,0.03372038603324609
0.06860614714714713,0.034323236407658136
0.06980976376376376,0.03492612393632885
0.07101338038038038,0.03552904926707683
0.07221699699699699,0.03613201304752526
0.0734206136136136,0.03673501592509964
0.07462423023023022,0.037338058547025765
0.07582784684684685,0.03794114156032756
0.07703146346346346,0.03854426561182523
0.07823508008008007,0.03914743134813324
0.07943869669669669,0.03975063941565847
0.08064231331331331,0.04035389046059851
0.08184592992992992,0.04095718512893979
0.08304954654654653,0.0415605240664561
0.08425316316316316,0.0421639079187069
0.08545677977977978,0.04276733733103587
0.08666039639639639,0.04337081294856944
0.087864013013013,0.04397433541621542
0.08906762962962962,0.044577905378661825
0.09027124624624625,0.04518152348037554
0.09147486286286285,0.045785190365601275
0.09267847947947946,0.04638890667836044
0.09388209609609609,0.046992673062450314
0.09508571271271271,0.047596490161442975
0.09628932932932932,0.04820035861868466
0.09749294594594593,0.04880427907729495
0.09869656256256255,0.04940825218016618
0.09990017917917918,0.050012278569962876
0.10110379579579579,0.0506163588891213
0.1023074124124124,0.051220493779849004
0.10351102902902902,0.05182468388412473
0.10471464564564564,0.052428929843698
0.10591826226226225,0.053033232300089196
0.10712187887887886,0.0536375918945894
0.10832549549549549,0.05424200926826065
0.10952911211211211,0.054846485061935936
0.11073272872872872,0.055451019916219695
0.11193634534534533,0.056055614471487956
0.11313996196196195,0.05666026936788904
0.11434357857857858,0.05726498524534401
0.11554719519519518,0.05786976274354735
0.1167508118118118,0.05847460250196783
0.11795442842842842,0.05907950515984933
0.11915804504504504,0.05968447135621188
0.12036166166166165,0.06028950172985273
0.12156527827827826,0.060894596919347524
0.12276889489489488,0.0614997575630518
0.12397251151151151,0.062104984299102155
0.12517612812812812,0.06271027776541799
0.12637974474474473,0.06331563859970318
0.12758336136136134,0.06392106743944757
0.12878697797797797,0.06452656492192933
0.12999059459459458,0.0651321316842165
0.1311942112112112,0.06573776836316939
0.13239782782782783,0.06634347559544276
0.13360144444444444,0.06694925401748816
0.13480506106106105,0.06755510426555639
0.13600867767767766,0.06816102697570021
0.13721229429429427,0.06876702278377705
0.1384159109109109,0.06937309232545187
0.13961952752752751,0.06997923623619995
0.14082314414414412,0.07058545515131041
0.14202676076076076,0.07119174970588919
0.14323037737737737,0.07179812053486244
0.14443399399399398,0.07240456827298003
0.1456376106106106,0.0730110935548195
0.1468412272272272,0.07361769701478939
0.14804484384384384,0.07422437928713349
0.14924846046046045,0.07483114100593478
0.15045207707707706,0.07543798280511958
0.1516556936936937,0.07604490531846214
0.1528593103103103,0.0766519091795888
0.1540629269269269,0.07725899502198291
0.15526654354354352,0.07786616347898934
0.15647016016016013,0.07847341518381973
0.15767377677677677,0.07908075076955726
0.15887739339339338,0.07968817086916198
0.16008101001001,0.08029567611547626
0.16128462662662663,0.08090326714123029
0.16248824324324324,0.08151094457904762
0.16369185985985985,0.08211870906145118
0.16489547647647645,0.08272656122086923
0.16609909309309306,0.08333450168964136
0.1673027097097097,0.08394253110002511
0.1685063263263263,0.08455065008420203
0.16970994294294292,0.08515885927428472
0.17091355955955956,0.08576715930232329
0.17211717617617617,0.08637555080031259
0.17332079279279278,0.08698403440019914
0.1745244094094094,0.08759261073388852
0.175728026026026,0.08820128043325297
0.17693164264264263,0.08881004413013871
0.17813525925925924,0.08941890245637388
0.17933887587587585,0.09002785604377668
0.1805424924924925,0.09063690552416344
0.1817461091091091,0.09124605152935666
0.1829497257257257,0.09185529469119416
0.18415334234234232,0.09246463564153705
0.18535695895895893,0.09307407501227911
0.18656057557557557,0.09368361343535563
0.18776419219219218,0.09429325154275256
0.18896780880880878,0.09490298996651632
0.19017142542542542,0.09551282933876279
0.19137504204204203,0.09612277029168767
0.19257865865865864,0.0967328134575762
0.19378227527527525,0.09734295946881319
0.19498589189189186,0.09795320895789383
0.1961895085085085,0.09856356255743369
0.1973931251251251,0.09917402090017989
0.19859674174174172,0.09978458461902188
0.19980035835835835,0.10039525434700251
0.20100397497497496,0.10100603071732954
0.20220759159159157,0.10161691436338696
0.20341120820820818,0.10222790591874699
0.2046148248248248,0.10283900601718168
0.20581844144144143,0.10345021529267551
0.20702205805805804,0.10406153437943719
0.20822567467467465,0.10467296391191265
0.2094292912912913,0.1052845045247976
0.2106329079079079,0.10589615685305051
0.2118365245245245,0.10650792153190579
0.21304014114114111,0.10711979919688724
0.21424375775775772,0.10773179048382156
0.21544737437437436,0.1083438960288522
0.21665099099099097,0.10895611646845334
0.21785460760760758,0.10956845243944423
0.21905822422422422,0.11018090457900356
0.22026184084084083,0.11079347352468406
0.22146545745745744,0.1114061599144276
0.22266907407407405,0.11201896438658018
0.22387269069069066,0.11263188757990714
0.2250763073073073,0.11324493013360898
0.2262799239239239,0.11385809268733683
0.2274835405405405,0.11447137588120877
0.22868715715715715,0.11508478035582587
0.22989077377377376,0.11569830675228858
0.23109439039039037,0.11631195571221346
0.23229800700700698,0.11692572787775028
0.2335016236236236,0.11753962389159886
0.23470524024024023,0.11815364439702661
0.23590885685685684,0.1187677900378861
0.23711247347347345,0.1193820614586327
0.23831609009009008,0.11999645930434305
0.2395197067067067,0.12061098422073292
0.2407233233233233,0.12122563685417605
0.2419269399399399,0.12184041785172246
0.24313055655655652,0.12245532786111814
0.24433417317317316,0.12307036753082372
0.24553778978978977,0.12368553751003412
0.24674140640640638,0.12430083844869806
0.24794502302302301,0.12491627099753853
0.24914863963963962,0.1255318358080723
0.25035225625625623,0.12614753353263086
0.25155587287287284,0.12676336482438078
0.25275948948948945,0.12737933033734467
0.25396310610610606,0.1279954307264224
0.25516672272272267,0.12861166664741244
0.25637033933933934,0.12922803875703343
0.25757395595595595,0.12984454771294604
0.25877757257257256,0.13046119417377514
0.25998118918918917,0.13107797879913202
0.2611848058058058,0.13169490224963729
0.2623884224224224,0.13231196518694308
0.263592039039039,0.13292916827375698
0.26479565565565566,0.13354651217386446
0.26599927227227227,0.13416399755215308
0.2672028888888889,0.13478162507463598
0.2684065055055055,0.13539939540847595
0.2696101221221221,0.1360173092220099
0.2708137387387387,0.13663536718477293
0.2720173553553553,0.1372535699675237
0.2732209719719719,0.137871918242269
0.27442458858858854,0.13849041268228904
0.2756282052052052,0.13910905396216322
0.2768318218218218,0.1397278427577956
0.2780354384384384,0.14034677974644075
0.27923905505505503,0.1409658656067304
0.28044267167167164,0.14158510101869956
0.28164628828828825,0.14220448666381313
0.28284990490490486,0.14282402322499316
0.2840535215215215,0.1434437113866458
0.28525713813813813,0.1440635518346885
0.28646075475475474,0.14468354525657812
0.28766437137137135,0.14530369234133844
0.28886798798798796,0.14592399377958828
0.29007160460460457,0.14654445026357013
0.2912752212212212,0.14716506248717817
0.2924788378378378,0.1477858311459876
0.2936824544544544,0.1484067569372834
0.29488607107107107,0.14902784056008964
0.2960896876876877,0.1496490827151989
0.2972933043043043,0.15027048410520194
0.2984969209209209,0.15089204543451776
0.2997005375375375,0.15151376740942382
0.3009041541541541,0.15213565073808588
0.3021077707707707,0.1527576961305894
0.3033113873873874,0.15337990429896953
0.304515004004004,0.15400227595724267
0.3057186206206206,0.15462481182143747
0.3069222372372372,0.15524751260962627
0.3081258538538538,0.15587037904195683
0.30932947047047044,0.15649341184068408
0.31053308708708705,0.15711661173020225
0.31173670370370365,0.15773997943707704
0.31294032032032026,0.15836351569007823
0.31414393693693693,0.15898722122021197
0.31534755355355354,0.1596110967607542
0.31655117017017015,0.1602351430472831
0.31775478678678676,0.16085936081771265
0.31895840340340337,0.1614837508123259
0.32016202002002,0.16210831377380866
0.3213656366366366,0.1627330504472832
0.32256925325325325,0.16335796158034216
0.32377286986986986,0.1639830479230827
0.32497648648648647,0.16460831022814093
0.3261801031031031,0.1652337492507259
0.3273837197197197,0.16585936574865498
0.3285873363363363,0.16648516048238773
0.3297909529529529,0.16711113421506155
0.3309945695695695,0.16773728771252633
0.33219818618618613,0.16836362174337996
0.3334018028028028,0.1689901370790035
0.3346054194194194,0.1696168344935967
0.335809036036036,0.17024371476421374
0.3370126526526526,0.17087077867079886
0.33821626926926923,0.17149802699622235
0.33941988588588584,0.17212546052631672
0.34062350250250245,0.17275308004991247
0.3418271191191191,0.17338088635887453
0.3430307357357357,0.17400888024813882
0.34423435235235234,0.17463706251574806
0.34543796896896894,0.17526543396288938
0.34664158558558555,0.17589399539392964
0.34784520220220216,0.17652274761645334
0.3490488188188188,0.17715169144129875
0.3502524354354354,0.17778082768259496
0.351456052052052,0.17841015715779887
0.35265966866866866,0.17903968068773224
0.35386328528528527,0.17966939909661858
0.3550669019019019,0.18029931321212034
0.3562705185185185,0.18092942386537647
0.3574741351351351,0.18155973189103894
0.3586777517517517,0.18219023812731042
0.3598813683683683,0.18282094341598149
0.361084984984985,0.18345184860246797
0.3622886016016016,0.1840829545358479
0.3634922182182182,0.18471426206889935
0.3646958348348348,0.18534577205813732
0.3658994514514514,0.1859774853638511
0.36710306806806803,0.18660940285014185
0.36830668468468464,0.18724152538495933
0.36951030130130125,0.1878738538401397
0.37071391791791786,0.1885063890914423
0.3719175345345345,0.18913913201858668
0.37312115115115113,0.18977208350529043
0.37432476776776774,0.19040524443930532
0.37552838438438435,0.1910386157124547
0.37673200100100096,0.1916721982206704
0.37793561761761757,0.19230599286402933
0.3791392342342342,0.19294000054679036
0.38034285085085084,0.1935742221774309
0.38154646746746745,0.1942086586686829
0.38275008408408406,0.19484331093757
0.3839537007007007,0.19547817990544336
0.3851573173173173,0.19611326649801758
0.3863609339339339,0.1967485716454068
0.3875645505505505,0.19738409628216058
0.3887681671671671,0.19801984134729936
0.3899717837837837,0.19865580778434982
0.3911754004004004,0.1992919965413805
0.392379017017017,0.1999284085710362
0.3935826336336336,0.2005650448305735
0.3947862502502502,0.20120190628189494
0.3959898668668668,0.20183899389158347
0.39719348348348343,0.2024763086309368
0.39839710010010004,0.20311385147600097
0.3996007167167167,0.2037516234076044
0.4008043333333333,0.2043896254113906
0.4020079499499499,0.2050278584778523
0.40321156656656654,0.20566632360236278
0.40441518318318315,0.20630502178520985
0.40561879979979976,0.2069439540316272
0.40682241641641637,0.20758312135182594
0.408026033033033,0.208222524761027
0.4092296496496496,0.2088621652794916
0.41043326626626625,0.20950204393255217
0.41163688288288286,0.2101421617506425
0.41284049949949947,0.21078251976932846
0.4140441161161161,0.21142311902933716
0.4152477327327327,0.21206396057658577
0.4164513493493493,0.21270504546221095
0.4176549659659659,0.2133463747425967
0.4188585825825826,0.2139879494794028
0.4200621991991992,0.21462977073959116
0.4212658158158158,0.21527183959545404
0.4224694324324324,0.2159141571246394
0.423673049049049,0.21655672441017754
0.4248766656656656,0.2171995425405063
0.42608028228228223,0.21784261260949575
0.42728389889889884,0.21848593571647246
0.42848751551551545,0.21912951296624378
0.4296911321321321,0.21977334546912064
0.4308947487487487,0.22041743434094008
0.43209836536536533,0.2210617807030873
0.43330198198198194,0.22170638568251744
0.43450559859859855,0.2223512504117757
0.43570921521521516,0.22299637602901778
0.43691283183183177,0.22364176367802951
0.43811644844844844,0.2242874145082449
0.43932006506506505,0.22493332967476515
0.44052368168168166,0.2255795103383752
0.44172729829829827,0.2262259576655607
0.4429309149149149,0.226872672828524
0.4441345315315315,0.2275196570051991
0.4453381481481481,0.2281669113792661
0.4465417647647647,0.22881443714016467
0.4477453813813813,0.22946223548310696
0.448948997997998,0.23011030760908985
0.4501526146146146,0.23075865472490514
0.4513562312312312,0.23140727804315095
0.4525598478478478,0.23205617878224039
0.4537634644644644,0.23270535816641022
0.454967081081081,0.23335481742572897
0.45617069769769764,0.23400455779610277
0.4573743143143143,0.23465458051928226
0.4585779309309309,0.23530488684286593
0.4597815475475475,0.23595547802030573
0.46098516416416413,0.2366063553109084
0.46218878078078074,0.23725751997983827
0.46339239739739735,0.23790897329811805
0.46459601401401396,0.23856071654262823
0.46579963063063057,0.23921275099610625
0.4670032472472472,0.23986507794714393
0.46820686386386384,0.2405176986901844
0.46941048048048045,0.2411706145255174
0.47061409709709706,0.24182382675927375
0.47181771371371367,0.24247733670341845
0.4730213303303303,0.2431311456757432
0.4742249469469469,0.2437852549998567
0.4754285635635635,0.24443966600517505
0.47663218018018016,0.2450943800269097
0.4778357967967968,0.24574939840605511
0.4790394134134134,0.2464047224893746
0.48024303003003,0.2470603536293855
0.4814466466466466,0.24771629318434185
0.4826502632632632,0.24837254251821742
0.4838538798798798,0.2490291030006864
0.48505749649649643,0.24968597600710218
0.48626111311311304,0.2503431629184768
0.4874647297297297,0.25100066512145697
0.4886683463463463,0.25165848400829927
0.4898719629629629,0.2523166209768448
0.49107557957957954,0.25297507743049147
0.49227919619619614,0.253633854778165
0.49348281281281275,0.25429295443428845
0.49468642942942936,0.2549523778187511
0.49589004604604603,0.2556121263568742
0.49709366266266264,0.2562722014793767
0.49829727927927925,0.25693260462233874
0.49950089589589586,0.2575933372271635
0.5007045125125125,0.25825440074053807
0.5019081291291291,0.25891579661439157
0.5031117457457457,0.2595775263058533
0.5043153623623623,0.2602395912772078
0.5055189789789789,0.2609019929958487
0.5067225955955955,0.2615647329342316
0.5079262122122121,0.26222781256982414
0.5091298288288287,0.2628912333850549
0.5103334454454453,0.2635549968672611
0.5115370620620621,0.2642191045086333
0.5127406786786787,0.2648835578061594
0.5139442952952953,0.26554835826156675
0.5151479119119119,0.26621350738126176
0.5163515285285285,0.26687900667626835
0.5175551451451451,0.2675448576621644
0.5187587617617617,0.26821106185901633
0.5199623783783783,0.2688776207913118
0.5211659949949949,0.2695445359878901
0.5223696116116116,0.27021180898187164
0.5235732282282282,0.2708794413105844
0.5247768448448448,0.27154743451548946
0.5259804614614614,0.27221579014210323
0.527184078078078,0.27288450973991957
0.5283876946946946,0.27355359486232783
0.5295913113113113,0.2742230470665304
0.5307949279279279,0.2748928679134579
0.5319985445445445,0.27556305896768163
0.5332021611611611,0.2762336217973249
0.5344057777777778,0.27690455797397134
0.5356093943943944,0.27757586907257237
0.536813011011011,0.27824755667135065
0.5380166276276276,0.27891962235170387
0.5392202442442442,0.27959206769810374
0.5404238608608608,0.2802648942979949
0.5416274774774774,0.28093810374169054
0.542831094094094,0.28161169762226623
0.5440347107107106,0.2822856775354514
0.5452383273273272,0.2829600450795186
0.5464419439439439,0.2836348018551704
0.5476455605605605,0.2843099494654241
0.5488491771771771,0.2849854895154945
0.5500527937937938,0.2856614236126737
0.5512564104104104,0.28633775336620887
0.552460027027027,0.2870144803871785
0.5536636436436436,0.28769160628836443
0.5548672602602602,0.2883691326841235
0.5560708768768768,0.28904706119025597
0.5572744934934935,0.2897253934238708
0.5584781101101101,0.2904041310032502
0.5596817267267267,0.29108327554771
0.5608853433433433,0.2917628286774595
0.5620889599599599,0.2924427920134567
0.5632925765765765,0.2931231671772626
0.5644961931931931,0.29380395579089297
0.5656998098098097,0.29448515947666687
0.5669034264264263,0.2951667798570532
0.568107043043043,0.2958488185545144
0.5693106596596597,0.2965312771913483
0.5705142762762763,0.2972141573895265
0.5717178928928929,0.2978974607705311
0.5729215095095095,0.29858118895518804
0.5741251261261261,0.2992653435634987
0.5753287427427427,0.2999499262144683
0.5765323593593593,0.30063493852593165
0.5777359759759759,0.30132038211437717
0.5789395925925925,0.30200625859476715
0.5801432092092091,0.30269256958035584
0.5813468258258258,0.3033793166825061
0.5825504424424424,0.30406650151050063
0.583754059059059,0.3047541256713533
0.5849576756756756,0.30544219076961676
0.5861612922922922,0.3061306984071871
0.5873649089089088,0.3068196501831057
0.5885685255255255,0.30750904769335946
0.5897721421421421,0.3081988925306776
0.5909757587587587,0.3088891862843254
0.5921793753753753,0.3095799305398959
0.593382991991992,0.31027112687909875
0.5945866086086086,0.3109627768795463
0.5957902252252252,0.3116548821145366
0.5969938418418418,0.31234744415283405
0.5981974584584584,0.31304046455844753
0.599401075075075,0.3137339448904054
0.6006046916916916,0.3144278867025274
0.6018083083083082,0.315122291543195
0.6030119249249248,0.3158171609551178
0.6042155415415414,0.3165124964750972
0.605419158158158,0.31720829963378905
0.6066227747747748,0.3179045719554611
0.6078263913913914,0.3186013149577488
0.609030008008008,0.3192985301514089
0.6102336246246246,0.3199962190400696
0.6114372412412412,0.3206943831199777
0.6126408578578578,0.32139302387974356
0.6138444744744744,0.3220921428000832
0.615048091091091,0.32279174135355737
0.6162517077077077,0.3234918210043077
0.6174553243243243,0.32419238320779065
0.6186589409409409,0.32489342941050864
0.6198625575575575,0.3255949610497374
0.6210661741741741,0.32629697955325204
0.6222697907907907,0.32699948633904896
0.6234734074074073,0.32770248281506686
0.6246770240240239,0.32840597037890223
0.6258806406406405,0.32910995041752483
0.6270842572572572,0.32981442430698893
0.6282878738738739,0.33051939341214165
0.6294914904904905,0.33122485908633015
0.6306951071071071,0.33193082267110385
0.6318987237237237,0.3326372854959161
0.6331023403403403,0.33334424887782066
0.6343059569569569,0.3340517141211688
0.6355095735735735,0.3347596825173
0.6367131901901901,0.33546815534423335
0.6379168068068067,0.3361771338663532
0.6391204234234233,0.3368866193340944
0.64032404004004,0.3375966129836244
0.6415276566566566,0.33830711603652136
0.6427312732732732,0.33901812969945166
0.6439348898898898,0.3397296551638429
0.6451385065065065,0.3404416936055558
0.6463421231231231,0.34115424618455203
0.6475457397397397,0.3418673140445611
0.6487493563563563,0.3425808983127429
0.6499529729729729,0.34329500009934927
0.6511565895895896,0.34400962049738143
0.6523602062062062,0.34472476058224694
0.6535638228228228,0.34544042141141174
0.6547674394394394,0.3461566040240511
0.655971056056056,0.34687330944069816
0.6571746726726726,0.34759053866288975
0.6583782892892892,0.3483082926728088
0.6595819059059058,0.34902657243292606
0.6607855225225224,0.34974537888563784
0.661989139139139,0.35046471295290244
0.6631927557557556,0.3511845755358732
0.6643963723723723,0.35190496751453004
0.665599988988989,0.3526258897473085
0.6668036056056056,0.353347343070726
0.6680072222222222,0.3540693282990058
0.6692108388388388,0.35479184622369947
0.6704144554554554,0.3555148976133061
0.671618072072072,0.3562384832128901
0.6728216886886886,0.35696260374369637
0.6740253053053052,0.35768725990276307
0.6752289219219219,0.3584124523625328
0.6764325385385385,0.3591381817704608
0.6776361551551551,0.35986444874862256
0.6788397717717717,0.36059125389331714
0.6800433883883883,0.3613185977746708
0.6812470050050049,0.3620464809362364
0.6824506216216215,0.36277490389459255
0.6836542382382382,0.3635038671389401
0.6848578548548548,0.3642333711306956
0.6860614714714715,0.36496341630308543
0.6872650880880881,0.36569400306073524
0.6884687047047047,0.3664251317792601
0.6896723213213213,0.36715680280485025
0.6908759379379379,0.3678890164538565
0.6920795545545545,0.3686217730123754
0.6932831711711711,0.36935507273582835
0.6944867877877877,0.37008891584854414
0.6956904044044043,0.37082330254333534
0.6968940210210209,0.3715582329810773
0.6980976376376375,0.37229370729028083
0.6993012542542542,0.37302972556666836
0.7005048708708708,0.37376628787274446
0.7017084874874874,0.374503394237367
0.702912104104104,0.3752410446553165
0.7041157207207207,0.37597923908686426
0.7053193373373373,0.3767179774573383
0.7065229539539539,0.3774572596566887
0.7077265705705705,0.3781970855390521
0.7089301871871871,0.3789374549223132
0.7101338038038038,0.3796783675876677
0.7113374204204204,0.38041982327918133
0.712541037037037,0.38116182170335
0.7137446536536536,0.3819043625286571
0.7149482702702702,0.38264744538513185
0.7161518868868868,0.3833910698639036
0.7173555035035034,0.3841352355167587
0.71855912012012,0.38487994185569446
0.7197627367367366,0.3856251883524713
0.7209663533533532,0.386370974438168
0.72216996996997,0.387117299502731
0.7233735865865866,0.3878641628945265
0.7245772032032032,0.388611563919892
0.7257808198198198,0.3893595018426851
0.7269844364364364,0.39010797588383295
0.728188053053053,0.3908569852208814
0.7293916696696696,0.3916065289875437
0.7305952862862862,0.3923566062732481
0.7317989029029028,0.39310721612268495
0.7330025195195194,0.39385835753535514
0.7342061361361361,0.39461002946511675
0.7354097527527527,0.3953622308197313
0.7366133693693693,0.3961149604604113
0.7378169859859859,0.396868217201366
0.7390206026026025,0.3976219998093491
0.7402242192192191,0.398376307003204
0.7414278358358357,0.39913113745341183
0.7426314524524524,0.3998864897816368
0.743835069069069,0.4006423625602738
0.7450386856856857,0.401398754311996
0.7462423023023023,0.40215566350930154
0.7474459189189189,0.40291308857406144
0.7486495355355355,0.40367102787706854
0.7498531521521521,0.40442947973758503
0.7510567687687687,0.40518844242289237
0.7522603853853853,0.4059479141478407
0.7534640020020019,0.40670789307439975
0.7546676186186185,0.40746837731120883
0.7558712352352351,0.40822936491313044
0.7570748518518517,0.40899085388080086
0.7582784684684684,0.40975284216018487
0.759482085085085,0.41051532764213033
0.7606857017017017,0.41127830816192323
0.7618893183183183,0.41204178149884446
0.7630929349349349,0.41280574537572695
0.7642965515515515,0.41357019745851537
0.7655001681681681,0.4143351353558254
0.7667037847847847,0.41510055661850553
0.7679074014014013,0.4158664587392006
0.769111018018018,0.41663283915191407
0.7703146346346346,0.4173996952315759
0.7715182512512512,0.4181670242936085
0.7727218678678678,0.4189348235934964
0.7739254844844844,0.4197030903263561
0.775129101101101,0.42047182162650953
0.7763327177177176,0.4212410145670577
0.7775363343343342,0.4220106661594568
0.7787399509509508,0.42278077335309644
0.7799435675675674,0.42355133303488024
0.7811471841841842,0.4243223420288072
0.7823508008008008,0.42509379709555684
0.7835544174174174,0.4258656949320757
0.784758034034034,0.4266380321711664
0.7859616506506506,0.42741080538107884
0.7871652672672672,0.4281840110651037
0.7883688838838838,0.4289576456611696
0.7895725005005004,0.4297317055414412
0.790776117117117,0.4305061870119207
0.7919797337337336,0.43128108631205325
0.7931833503503503,0.4320563996143321
0.7943869669669669,0.4328321230239104
0.7955905835835835,0.43360825257821234
0.7967942002002001,0.43438478424655047
0.7979978168168167,0.4351617139297437
0.7992014334334334,0.4359390374597392
0.80040505005005,0.4367167505992383
0.8016086666666666,0.4374948490413244
0.8028122832832832,0.4382733284090954
0.8040158998998999,0.4390521842552979
0.8052195165165165,0.43983141206196796
0.8064231331331331,0.44061100724007096
0.8076267497497497,0.4413909651291492
0.8088303663663663,0.44217128099697184
0.8100339829829829,0.4429519500391865
0.8112375995995995,0.443732967378978
0.8124412162162161,0.44451432806672986
0.8136448328328327,0.4452960270796881
0.8148484494494493,0.44607805932163147
0.816052066066066,0.4468604196225449
0.8172556826826826,0.44764310273829616
0.8184592992992992,0.44842610335031863
0.8196629159159159,0.44920941606529713
0.8208665325325325,0.44999303541485836
0.8220701491491491,0.45077695585526606
0.8232737657657657,0.45156117176712096
0.8244773823823823,0.45234567745506493
0.8256809989989989,0.45313046714748917
0.8268846156156155,0.45391553499624904
0.8280882322322322,0.45470087507638207
0.8292918488488488,0.45548648138583153
0.8304954654654654,0.4562723478451743
0.831699082082082,0.45705846829735575
0.8329026986986986,0.45784483650742674
0.8341063153153152,0.45863144616228835
0.8353099319319318,0.459418290870441
0.8365135485485484,0.4602053641617384
0.8377171651651651,0.4609926594871471
0.8389207817817818,0.46178017021851286
0.8401243983983984,0.46256788964832996
0.841328015015015,0.4633558109895185
0.8425316316316316,0.4641439273752064
0.8437352482482482,0.4649322318585169
0.8449388648648648,0.4657207174123618
0.8461424814814814,0.4665093769292423
0.847346098098098,0.4672982032210524
0.8485497147147146,0.4680871890188916
0.8497533313313312,0.46887632697288273
0.8509569479479479,0.46966560965199405
0.8521605645645645,0.4704550295438704
0.8533641811811811,0.47124457905466893
0.8545677977977977,0.47203425050890097
0.8557714144144143,0.4728240361492819
0.8569750310310309,0.473613928136585
0.8581786476476476,0.4744039185495052
0.8593822642642642,0.4751939993845252
0.8605858808808808,0.4759841625557921
0.8617894974974974,0.47677439989499953
0.8629931141141141,0.47756470315127414
0.8641967307307307,0.4783550639910732
0.8654003473473473,0.47914547399808577
0.8666039639639639,0.4799359246731419
0.8678075805805805,0.48072640743412964
0.8690111971971971,0.4815169136159174
0.8702148138138137,0.48230743447028557
0.8714184304304303,0.48309796116586307
0.8726220470470469,0.48388848478807317
0.8738256636636635,0.48467899633908545
0.8750292802802802,0.4854694867377755
0.8762328968968969,0.48625994681969215
0.8774365135135135,0.48705036733703166
0.8786401301301301,0.48784073895862007
0.8798437467467467,0.488631052269903
0.8810473633633633,0.4894212977729427
0.8822509799799799,0.4902114658864232
0.8834545965965965,0.4910015469456633
0.8846582132132131,0.4917915312026378
0.8858618298298297,0.4925814088260036
0.8870654464464464,0.4933711699011396
0.888269063063063,0.49416080443018784
0.8894726796796796,0.49495030233210763
0.8906762962962962,0.4957396534427355
0.8918799129129128,0.4965288475148541
0.8930835295295294,0.4973178742182678
0.894287146146146,0.49810672313988885
0.8954907627627626,0.4988953837838293
0.8966943793793793,0.49968384557150347
0.897897995995996,0.5004720978417367
0.8991016126126126,0.5012601298508844
0.9003052292292292,0.5020479307729578
0.9015088458458458,0.5028354896997593
0.9027124624624624,0.5036227956410254
0.903916079079079,0.50440983752458
0.9051196956956956,0.5051966041964938
0.9063233123123122,0.5059830844212532
0.9075269289289288,0.5067692668819401
0.9087305455455454,0.5075551401804159
0.909934162162162,0.508340692837519
0.9111377787787787,0.5091259132932678
0.9123413953953953,0.509910789907073
0.9135450120120119,0.5106953109579607
0.9147486286286286,0.5114794646448017
0.9159522452452452,0.5122632390865515
0.9171558618618618,0.5130466223224979
0.9183594784784784,0.5138296023125202
0.919563095095095,0.5146121669373527
0.9207667117117116,0.5153943039988622
0.9219703283283283,0.5161760012203312
0.9231739449449449,0.5169572462467518
0.9243775615615615,0.5177380266451272
0.9255811781781781,0.5185183299047844
0.9267847947947947,0.5192981434376944
0.9279884114114113,0.5200774545788017
0.9291920280280279,0.5208562505863638
0.9303956446446445,0.5216345186422979
0.9315992612612611,0.5224122458525411
0.9328028778778777,0.5231894192474134
0.9340064944944944,0.5239660257819971
0.9352101111111111,0.524742052336519
0.9364137277277277,0.525517485716746
0.9376173443443443,0.5262923126543883
0.9388209609609609,0.5270665198075127
0.9400245775775775,0.5278400937609646
0.9412281941941941,0.5286130210267994
0.9424318108108107,0.5293852880447227
0.9436354274274273,0.530156881182541
0.944839044044044,0.5309277867366218
0.9460426606606606,0.5316979909323609
0.9472462772772772,0.5324674799246617
0.9484498938938938,0.5332362397984217
0.9496535105105104,0.53400425656903
0.950857127127127,0.5347715161828729
0.9520607437437436,0.5355380045178492
0.9532643603603603,0.5363037073838958
0.9544679769769769,0.5370686105235211
0.9556715935935935,0.5378326996123483
0.9568752102102102,0.5385959602596684
0.9580788268268268,0.5393583780090022
0.9592824434434434,0.5401199383386717
0.96048606006006,0.5408806266623809
0.9616896766766766,0.5416404283298045
0.9628932932932932,0.5423993286271898
0.9640969099099098,0.543157312777961
0.9653005265265264,0.5439143659433405
0.966504143143143,0.5446704732229748
0.9677077597597596,0.5454256196555695
0.9689113763763763,0.5461797902195353
0.9701149929929929,0.546932969833643
0.9713186096096095,0.5476851433576863
0.9725222262262261,0.5484362955931544
0.9737258428428428,0.5491864112839144
0.9749294594594594,0.5499354751169024
0.976133076076076,0.5506834717228225
0.9773366926926926,0.5514303856768558
0.9785403093093092,0.5521762014993796
0.9797439259259259,0.552920903656693
0.9809475425425425,0.5536644765617533
0.9821511591591591,0.554406904574921
0.9833547757757757,0.5551481720047124
0.9845583923923923,0.5558882631085634
0.9857620090090089,0.5566271620935993
0.9869656256256255,0.5573648531174162
0.9881692422422421,0.5581013202888684
0.9893728588588587,0.5588365476688666
0.9905764754754753,0.5595705192711842
0.9917800920920921,0.5603032190632709
0.9929837087087087,0.5610346309670761
0.9941873253253253,0.5617647388598812
0.9953909419419419,0.5624935265751393
0.9965945585585585,0.5632209779033239
0.9977981751751751,0.5639470765927852
0.9990017917917917,0.564671806350616
1.0002054084084082,0.5653951508435248
1.001409025025025,0.5661170936987179
1.0026126416416417,0.5668376185047881
1.0038162582582582,0.5675567088126133
1.0050198748748749,0.5682743481362634
1.0062234914914914,0.5689905199539123
1.007427108108108,0.5697052077087613
1.0086307247247246,0.5704183948099667
1.0098343413413413,0.5711300646335814
1.0110379579579578,0.5718402005234947
1.0122415745745745,0.5725487857923893
1.013445191191191,0.5732558037227001
1.0146488078078078,0.5739612375675825
1.0158524244244242,0.5746650705518881
1.017056041041041,0.5753672858731467
1.0182596576576575,0.5760678667025578
1.0194632742742742,0.5767667961859874
1.0206668908908907,0.5774640574449721
1.0218705075075074,0.5781596335777321
1.0230741241241241,0.5788535076601885
1.0242777407407406,0.5795456627469906
1.0254813573573573,0.580236081872547
1.0266849739739738,0.5809247480520662
1.0278885905905906,0.5816116442826017
1.029092207207207,0.5822967535441059
1.0302958238238238,0.5829800588004881
1.0314994404404403,0.5836615430006816
1.032703057057057,0.5843411890797144
1.0339066736736735,0.5850189799597887
1.0351102902902902,0.5856948985513653
1.0363139069069067,0.5863689277542544
1.0375175235235234,0.5870410504587116
1.03872114014014,0.5877112495465421
1.0399247567567567,0.5883795078922079
1.0411283733733734,0.5890458083639436
1.0423319899899899,0.5897101338248736
1.0435356066066066,0.5903724671341412
1.044739223223223,0.591032791148037
1.0459428398398398,0.5916910887211363
1.0471464564564563,0.5923473427074407
1.048350073073073,0.5930015359615245
1.0495536896896895,0.5936536513396864
1.0507573063063063,0.5943036717011083
1.0519609229229228,0.594951579909013
1.0531645395395395,0.5955973588318351
1.054368156156156,0.5962409913443888
1.0555717727727727,0.5968824603290451
1.0567753893893892,0.5975217486769115
1.057979006006006,0.5981588392890166
1.0591826226226226,0.5987937150774986
1.0603862392392391,0.5994263589667971
1.0615898558558559,0.6000567538948515
1.0627934724724724,0.6006848828143008
1.063997089089089,0.6013107286936875
1.0652007057057056,0.6019342745186662
1.0664043223223223,0.6025555032932156
1.0676079389389388,0.6031743980408524
1.0688115555555555,0.6037909418058509
1.070015172172172,0.6044051176544631
1.0712187887887887,0.6050169086761448
1.0724224054054052,0.6056262979847824
1.073626022022022,0.6062332687199223
1.0748296386386385,0.6068378040480066
1.0760332552552552,0.6074398871636063
1.0772368718718717,0.6080395012906606
1.0784404884884884,0.6086366296837173
1.0796441051051051,0.6092312556291761
1.0808477217217216,0.6098233624465315
1.0820513383383383,0.6104129334896231
1.0832549549549548,0.6109999521478802
1.0844585715715716,0.6115844018475753
1.085662188188188,0.6121662660530746
1.0868658048048048,0.6127455282680925
1.0880694214214213,0.6133221720369448
1.089273038038038,0.6138961809458068
1.0904766546546545,0.6144675386239682
1.0916802712712712,0.615036228745093
1.0928838878878877,0.6156022350284771
1.0940875045045044,0.6161655412403088
1.095291121121121,0.6167261311949279
1.0964947377377376,0.6172839887560865
1.0976983543543541,0.6178390978382109
1.0989019709709709,0.6183914424076611
1.1001055875875876,0.6189410064839915
1.101309204204204,0.6194877741412139
1.1025128208208208,0.6200317295090564
1.1037164374374373,0.6205728567742221
1.104920054054054,0.6211111401816531
1.1061236706706705,0.6216465640357856
1.1073272872872872,0.6221791127018096
1.1085309039039037,0.6227087706069261
1.1097345205205205,0.6232355222416027
1.110938137137137,0.6237593521608302
1.1121417537537537,0.6242802449853737
1.1133453703703702,0.6247981854030269
1.114548986986987,0.6253131581698619
1.1157526036036034,0.6258251481114773
1.1169562202202201,0.6263341401242452
1.1181598368368368,0.6268401191765574
1.1193634534534533,0.6273430703100654
1.12056707007007,0.6278429786409229
1.1217706866866866,0.6283398293610234
1.1229743033033033,0.628833607739233
1.1241779199199198,0.6293242991226256
1.1253815365365365,0.6298118889377107
1.126585153153153,0.6302963626916602
1.1277887697697697,0.6307777059735327
1.1289923863863862,0.631255904455492
1.130196003003003,0.6317309438940246
1.1313996196196194,0.6322028101311516
1.1326032362362362,0.6326714890956394
1.1338068528528527,0.6331369668042034
1.1350104694694694,0.6335992293627104
1.136214086086086,0.6340582629673744
1.1374177027027026,0.6345140539059513
1.1386213193193193,0.6349665885589262
1.1398249359359358,0.6354158534006946
1.1410285525525525,0.6358618350007481
1.142232169169169,0.6363045200248398
1.1434357857857858,0.6367438952361617
1.1446394024024023,0.6371799474965023
1.145843019019019,0.6376126637674093
1.1470466356356355,0.6380420311113413
1.1482502522522522,0.6384680366928147
1.1494538688688687,0.6388906677795477
1.1506574854854854,0.6393099117435949
1.151861102102102,0.639725756062478
1.1530647187187186,0.6401381883203089
1.1542683353353351,0.640547196208909
1.1554719519519518,0.6409527675289197
1.1566755685685686,0.641354890190907
1.157879185185185,0.6417535522164597
1.1590828018018018,0.6421487417392809
1.1602864184184183,0.6425404470062722
1.161490035035035,0.6429286563786121
1.1626936516516515,0.6433133583328234
1.1638972682682682,0.6436945414618385
1.1651008848848847,0.6440721944760535
1.1663045015015014,0.6444463062043756
1.167508118118118,0.6448168655952634
1.1687117347347347,0.6451838617177592
1.1699153513513512,0.6455472837625117
1.1711189679679679,0.6459071210427928
1.1723225845845844,0.6462633629955038
1.173526201201201,0.6466159991821777
1.1747298178178176,0.6469650192899655
1.1759334344344343,0.6473104131326206
1.177137051051051,0.6476521706514718
1.1783406676676675,0.6479902819163863
1.1795442842842843,0.6483247371267253
1.1807479009009008,0.6486555266122918
1.1819515175175175,0.6489826408342638
1.183155134134134,0.6493060703861242
1.1843587507507507,0.6496258059945769
1.1855623673673672,0.6499418385204564
1.186765983983984,0.6502541589596241
1.1879696006006004,0.6505627584438586
1.1891732172172171,0.6508676282417316
1.1903768338338336,0.6511687597594784
1.1915804504504504,0.6514661445418546
1.1927840670670669,0.6517597742729835
1.1939876836836836,0.6520496407771932
1.1951913003003003,0.6523357360198434
1.1963949169169168,0.6526180521081408
1.1975985335335335,0.6528965812919431
1.19880215015015,0.6531713159645548
1.2000057667667667,0.6534422486635079
1.2012093833833832,0.6537093720713346
1.202413,0.6539726790163277
